{
  "name": "routing",
  "version": "0.0.2",
  "code": "200",
  "data": [
    {
      "id": "hs0",
      "path": "home",
      "resCode": "Home",
      "parent": "",
      "hItems": {
        "135": "Home/ClientManager/Home",
        "24": "Home/MarketingManager/Home"
      }
    },
    {
      "id": "o1",
      "path": "mapMonitor/:uId/:visitDate/:companyId/:countyDept",
      "resCode": "MapMonitor",
      "resUrl": "System/Other/Map/Monitor/MapMonitor",
      "parent": ""
    },
    {
      "id": "o2",
      "path": "Message/:count",
      "resCode": "Message",
      "resUrl": "System/Other/Message/Message",
      "parent": ""
    },
    {
      "id": "c0",
      "path": "design/:rowId",
      "resCode": "Design",
      "resUrl": "Consumer/CustomSurvey/Questionnaire/Investigation/Design",
      "parent": "0"
    },
    {
      "id": "c1",
      "path": "Analyse/:fromId/:companyId",
      "resCode": "Analyse",
      "resUrl": "Consumer/CustomSurvey/Questionnaire/Investigation/Analyse",
      "parent": "0"
    },
    {
      "id": "c2",
      "path": "Find/:fromId/:companyId",
      "resCode": "Find",
      "resUrl": "Consumer/CustomSurvey/Questionnaire/Investigation/Find",
      "parent": "0"
    },
    {
      "id": "b0",
      "path": "BrandPromotionEdit",
      "resCode": "BrandPromotionEdit",
      "resUrl": "Brand/BrandPromotion/BrandPromotionEdit",
      "parent": "1"
    },
    {
      "id": "cu1",
      "path": "customerDetail/:rowId",
      "resCode": "CustomerDetail",
      "resUrl": "CustomerService/CustomerInfo/Customer/CustomerManagementDetail",
      "parent": "2"
    },
    {
      "id": "cu1",
      "path": "recordDetail/:rowId",
      "resCode": "RecordDetail",
      "resUrl": "CustomerService/PriceCollection/Record/RecordDetail",
      "parent": "2"
    },
    {
      "id": "cu2",
      "path": "weekOrderReportGrunps/:id",
      "resCode": "WeekOrderReportGrunps",
      "resUrl": "CustomerService/Report/WeekOrderReport/WeekOrderReportGrunps",
      "parent": "2"
    },
    {
      "id": "cu3",
      "path": "analysisReportQuery/:id",
      "resCode": "AnalysisReportQuery",
      "resUrl": "CustomerService/Report/WeekOrderReport/AnalysisReportQuery",
      "parent": "2"
    },
    {
      "id": "cu4",
      "path": "CustSalesAnalysisEdit",
      "resCode": "CustSalesAnalysisEdit",
      "resUrl": "CustomerService/Report/CustSalesAnalysis/CustSalesAnalysisEdit",
      "parent": "2"
    },
    {
      "id": "cu5",
      "path": "Query",
      "resCode": "Query",
      "resUrl": "CustomerService/CustomerSetting/VisitQuery/VisitQuery",
      "parent": "2"
    },
    {
      "id": "cu7",
      "path": "QuarterCustSalesAnalysisEdit",
      "resCode": "QuarterCustSalesAnalysisEdit",
      "resUrl": "CustomerService/Report/QuarterCustSalesAnalysis/QuarterCustSalesAnalysisEdit",
      "parent": "2"
    },
    {
      "id": "s0",
      "path": "LoginInfo/:rowId",
      "resCode": "LoginInfo",
      "resUrl": "System/SystemPrivilege/User/LoginInfo",
      "parent": "5"
    },
    {
      "id": "cu6",
      "path": "ActivityInvestigation/:fromId/:activityId",
      "resCode": "ActivityInvestigation",
      "resUrl": "Consumer/CustomSurvey/Questionnaire/Investigation/ActivityInvestigation",
      "parent": "2"
    },
    {
      "id": "i1",
      "path": "ActivityFind/:fromId/:companyId/:activityId/:fromIds/:reportId",
      "resCode": "ActivityFind",
      "resUrl": "Consumer/CustomSurvey/Questionnaire/Investigation/ActivityFind",
      "parent": "3"
    }
  ]
}
