{
  "message": "",
  "data": [
    {
      "label": "货币",
      "value": "fa fa-rmb",
      "icon": "fa fa-rmb"
    },
    {
      "label": "旗帜",
      "value": "fa fa-flag",
      "icon": "fa fa-flag"
    },
    {
      "label": "用户",
      "value": "fa fa-user",
      "icon": "fa fa-user"
    },
    {
      "label": "警告",
      "value": "fa fa-exclamation-triangle",
      "icon": "fa fa-exclamation-triangle"
    },
    {
      "label": "统计",
      "value": "fa fa-line-chart",
      "icon": "fa fa-line-chart"
    },
    {
      "label": "设置",
      "value": "fa fa-wrench",
      "icon": "fa fa-wrench"
    },
    {
      "label": "更多",
      "value": "fa fa-th-list",
      "icon": "fa fa-th-list"
    },
    {
      "label": "子节点",
      "value": "fa fa-circle-o",
      "icon": "fa fa-circle-o"
    },
    {
      "label": "首页",
      "value": "fa fa-home",
      "icon": "fa fa-home"
    },
    {
      "label": "信息",
      "value": "fa fa-bell-o",
      "icon": "fa fa-bell-o"
    }
  ],
  "status": "200"
}
